,French,German,Polish,Spanish
French,0.778010033444816,0.20986622073578595,0.5083612040133779,0.5100334448160535
German,0.358974358974359,0.7787068004459309,0.3642697881828317,0.3450390189520624
Polish,0.3333333333333333,0.241917502787068,0.7187848383500557,0.32971014492753625
Spanish,0.5062709030100334,0.016304347826086956,0.48285953177257523,0.7065217391304348
