,French,German,Polish,Spanish
French,0.6864548494983278,,,
German,,0.7644927536231884,,
Polish,,,0.7198996655518395,
Spanish,,,,0.6513377926421404
