,French,German,Polish,Spanish
French,0.7074190177638453,0.5632183908045977,0.48693834900731453,0.5005224660397074
German,0.38857938718662954,0.7799442896935933,0.35724233983286907,0.3328690807799443
Polish,0.36420612813370473,0.38370473537604455,0.9456824512534819,0.4254874651810585
Spanish,0.51619644723093,0.5120167189132706,0.5694879832810867,0.8934169278996865
