,French,German,Polish,Spanish
French,0.8202341137123745,0.5861204013377926,0.49372909698996653,0.49038461538461536
German,0.3879598662207358,0.7410813823857302,0.3394648829431438,0.3525641025641026
Polish,0.34698996655518394,0.3481047937569677,0.8405797101449275,0.34002229654403565
Spanish,0.4991638795986622,0.4991638795986622,0.5413879598662207,0.7253344481605352
