,French,German,Polish,Spanish
French,0.7976588628762542,,,
German,,0.7920847268673356,,
Polish,,,0.8678929765886287,
Spanish,,,,0.7190635451505016
