,French,German,Polish,Spanish
French,0.6333612040133779,0.5978260869565217,0.49205685618729095,0.49205685618729095
German,0.3464325529542921,0.7918060200668896,0.33974358974358976,0.3528428093645485
Polish,0.3358416945373467,0.3433667781493868,0.8589743589743589,0.33444816053511706
Spanish,0.5075250836120402,0.5012541806020067,0.5409698996655519,0.7144648829431438
