,French,German,Polish,Spanish
French,0.8401253918495298,0.554858934169279,0.42946708463949845,0.5506792058516197
German,0.37813370473537605,0.8245125348189415,0.32381615598885793,0.3147632311977716
Polish,0.3753481894150418,0.3955431754874652,0.9484679665738162,0.4387186629526462
Spanish,0.5569487983281086,0.5047021943573667,0.6050156739811913,0.8819226750261233
